{
  "cols": [
    "action_left_pos_x",
    "action_left_pos_y",
    "action_left_pos_z",
    "action_left_rot6d_0",
    "action_left_rot6d_1",
    "action_left_rot6d_2",
    "action_left_rot6d_3",
    "action_left_rot6d_4",
    "action_left_rot6d_5",
    "action_right_pos_x",
    "action_right_pos_y",
    "action_right_pos_z",
    "action_right_rot6d_0",
    "action_right_rot6d_1",
    "action_right_rot6d_2",
    "action_right_rot6d_3",
    "action_right_rot6d_4",
    "action_right_rot6d_5"
  ],
  "mean": [
    0.5255556106567383,
    0.12244103103876114,
    0.46111562848091125,
    3.127278250758536e-05,
    0.00020067239529453218,
    -1.0001165866851807,
    -0.0001617443049326539,
    0.9999958872795105,
    -4.900524072581902e-05,
    0.3805173635482788,
    -0.22947841882705688,
    0.332478404045105,
    -0.016656428575515747,
    0.13056392967700958,
    0.9810412526130676,
    0.8419123291969299,
    -0.525414228439331,
    0.08713971823453903
  ],
  "std": [
    0.02806527353823185,
    0.09929599612951279,
    0.1042642667889595,
    0.001637407811358571,
    0.0029191875364631414,
    0.0024948236532509327,
    0.0026633485686033964,
    0.0008584659663029015,
    0.00256551755592227,
    0.03193927928805351,
    0.0771799385547638,
    0.13209109008312225,
    0.008034116588532925,
    0.140829399228096,
    0.018339743837714195,
    0.014875813387334347,
    0.010132336989045143,
    0.08489067107439041
  ]
}