{
  "cols": [
    "left_pos_x",
    "left_pos_y",
    "left_pos_z",
    "left_rot6d_0",
    "left_rot6d_1",
    "left_rot6d_2",
    "left_rot6d_3",
    "left_rot6d_4",
    "left_rot6d_5",
    "right_pos_x",
    "right_pos_y",
    "right_pos_z",
    "right_rot6d_0",
    "right_rot6d_1",
    "right_rot6d_2",
    "right_rot6d_3",
    "right_rot6d_4",
    "right_rot6d_5",
    "obj_pos_x",
    "obj_pos_y",
    "obj_pos_z",
    "obj_rot6d_0",
    "obj_rot6d_1",
    "obj_rot6d_2",
    "obj_rot6d_3",
    "obj_rot6d_4",
    "obj_rot6d_5"
  ],
  "mean": [
    0.5302309393882751,
    0.1467321366071701,
    0.49459484219551086,
    0.9933682084083557,
    -0.026949821040034294,
    0.014906180091202259,
    -0.025668121874332428,
    -0.9929232001304626,
    -0.029065702110528946,
    0.3777598440647125,
    -0.23565775156021118,
    0.34429195523262024,
    0.02183128520846367,
    0.17624157667160034,
    0.9481001496315002,
    0.8492874503135681,
    -0.5128063559532166,
    0.08280882239341736,
    0.5266540050506592,
    0.11499609053134918,
    0.158976748585701,
    0.9982370734214783,
    0.014320558868348598,
    0.02150769717991352,
    -0.01630505360662937,
    0.9958399534225464,
    0.027400389313697815
  ],
  "std": [
    0.029350046068429947,
    0.10928556323051453,
    0.0985884889960289,
    0.03187761455774307,
    0.10102579742670059,
    0.03238334506750107,
    0.1013297364115715,
    0.031804297119379044,
    0.03634299337863922,
    0.029578683897852898,
    0.07804194837808609,
    0.13538964092731476,
    0.11588671803474426,
    0.19101184606552124,
    0.14018988609313965,
    0.02804396115243435,
    0.03717711567878723,
    0.08194325864315033,
    0.02618647925555706,
    0.08418039232492447,
    0.0708964392542839,
    0.002917614998295903,
    0.0386432409286499,
    0.036787718534469604,
    0.03920922428369522,
    0.006166912615299225,
    0.0755700096487999
  ]
}