{
  "cols": [
    "action_left_pos_x",
    "action_left_pos_y",
    "action_left_pos_z",
    "action_left_rot6d_0",
    "action_left_rot6d_1",
    "action_left_rot6d_2",
    "action_left_rot6d_3",
    "action_left_rot6d_4",
    "action_left_rot6d_5",
    "action_right_pos_x",
    "action_right_pos_y",
    "action_right_pos_z",
    "action_right_rot6d_0",
    "action_right_rot6d_1",
    "action_right_rot6d_2",
    "action_right_rot6d_3",
    "action_right_rot6d_4",
    "action_right_rot6d_5"
  ],
  "mean": [
    0.5265585780143738,
    0.1259959191083908,
    0.46582600474357605,
    0.0007771453820168972,
    0.0010627337032929063,
    -1.0008220672607422,
    -0.0004354807606432587,
    0.9999767541885376,
    -0.0007911541033536196,
    0.38188332319259644,
    -0.22617758810520172,
    0.3268291652202606,
    -0.016312824562191963,
    0.12454094737768173,
    0.981825590133667,
    0.8425484299659729,
    -0.524980902671814,
    0.08350910246372223
  ],
  "std": [
    0.027746306732296944,
    0.0986572876572609,
    0.10434466600418091,
    0.004876891616731882,
    0.006052092183381319,
    0.004987985361367464,
    0.0031305630691349506,
    0.0008538097608834505,
    0.005233870353549719,
    0.03194577991962433,
    0.0771956592798233,
    0.13211797177791595,
    0.00803575199097395,
    0.14085808396339417,
    0.018343478441238403,
    0.014878841117024422,
    0.010134399868547916,
    0.08490794897079468
  ]
}