{
  "cols": [
    "left_pos_x",
    "left_pos_y",
    "left_pos_z",
    "left_rot6d_0",
    "left_rot6d_1",
    "left_rot6d_2",
    "left_rot6d_3",
    "left_rot6d_4",
    "left_rot6d_5",
    "right_pos_x",
    "right_pos_y",
    "right_pos_z",
    "right_rot6d_0",
    "right_rot6d_1",
    "right_rot6d_2",
    "right_rot6d_3",
    "right_rot6d_4",
    "right_rot6d_5",
    "obj_pos_x",
    "obj_pos_y",
    "obj_pos_z",
    "obj_rot6d_0",
    "obj_rot6d_1",
    "obj_rot6d_2",
    "obj_rot6d_3",
    "obj_rot6d_4",
    "obj_rot6d_5"
  ],
  "mean": [
    0.5397157669067383,
    0.14578939974308014,
    0.4990958571434021,
    0.9935430884361267,
    -0.02555176429450512,
    0.015120083466172218,
    -0.024298297241330147,
    -0.9931143522262573,
    -0.028609026223421097,
    0.37877020239830017,
    -0.23199811577796936,
    0.3380632996559143,
    0.021477259695529938,
    0.16898052394390106,
    0.9499115943908691,
    0.8516622185707092,
    -0.5090392231941223,
    0.0789794847369194,
    0.5250118374824524,
    0.1117204949259758,
    0.16232720017433167,
    0.9982020258903503,
    0.015332533046603203,
    0.022619105875492096,
    -0.01743951439857483,
    0.9957693815231323,
    0.029902607202529907
  ],
  "std": [
    0.058861903846263885,
    0.10758394747972488,
    0.09892527759075165,
    0.03145644813776016,
    0.09991006553173065,
    0.03192245587706566,
    0.1001940593123436,
    0.031387124210596085,
    0.03593194857239723,
    0.02935088984668255,
    0.07842064648866653,
    0.1360120177268982,
    0.11416562646627426,
    0.1908644735813141,
    0.13852550089359283,
    0.029807735234498978,
    0.04082856699824333,
    0.08220315724611282,
    0.027008628472685814,
    0.08413071930408478,
    0.07123681902885437,
    0.002787163946777582,
    0.038384608924388885,
    0.03694482892751694,
    0.03905252367258072,
    0.006043954752385616,
    0.07538781315088272
  ]
}