{
  "cols": [
    "action_left_pos_x",
    "action_left_pos_y",
    "action_left_pos_z",
    "action_left_rot6d_0",
    "action_left_rot6d_1",
    "action_left_rot6d_2",
    "action_left_rot6d_3",
    "action_left_rot6d_4",
    "action_left_rot6d_5",
    "action_right_pos_x",
    "action_right_pos_y",
    "action_right_pos_z",
    "action_right_rot6d_0",
    "action_right_rot6d_1",
    "action_right_rot6d_2",
    "action_right_rot6d_3",
    "action_right_rot6d_4",
    "action_right_rot6d_5"
  ],
  "mean": [
    0.5254143476486206,
    0.12056772410869598,
    0.4658831059932709,
    0.0007047356339171529,
    0.0014506191946566105,
    -1.0007569789886475,
    -0.0008340181666426361,
    0.999798595905304,
    -0.0008413504692725837,
    0.38323694467544556,
    -0.22290663421154022,
    0.32123100757598877,
    -0.015972333028912544,
    0.11857247352600098,
    0.9826027750968933,
    0.8431789875030518,
    -0.5245514512062073,
    0.07991136610507965
  ],
  "std": [
    0.0276725422590971,
    0.09984184801578522,
    0.10207255929708481,
    0.0048049017786979675,
    0.006535832304507494,
    0.005003195255994797,
    0.004098877310752869,
    0.0015648816479369998,
    0.005185456480830908,
    0.031894560903310776,
    0.07707188278436661,
    0.1319061517715454,
    0.008022869005799294,
    0.1406322568655014,
    0.018314069136977196,
    0.014854987151920795,
    0.01011815294623375,
    0.08477183431386948
  ]
}