{
  "cols": [
    "left_pos_x",
    "left_pos_y",
    "left_pos_z",
    "left_rot6d_0",
    "left_rot6d_1",
    "left_rot6d_2",
    "left_rot6d_3",
    "left_rot6d_4",
    "left_rot6d_5",
    "right_pos_x",
    "right_pos_y",
    "right_pos_z",
    "right_rot6d_0",
    "right_rot6d_1",
    "right_rot6d_2",
    "right_rot6d_3",
    "right_rot6d_4",
    "right_rot6d_5",
    "obj_pos_x",
    "obj_pos_y",
    "obj_pos_z",
    "obj_rot6d_0",
    "obj_rot6d_1",
    "obj_rot6d_2",
    "obj_rot6d_3",
    "obj_rot6d_4",
    "obj_rot6d_5"
  ],
  "mean": [
    0.5387619137763977,
    0.14091502130031586,
    0.4994911551475525,
    0.9937780499458313,
    -0.02394213154911995,
    0.01572090946137905,
    -0.022642383351922035,
    -0.9932442903518677,
    -0.03081521950662136,
    0.37998369336128235,
    -0.22906094789505005,
    0.333149254322052,
    0.020301684737205505,
    0.1628318727016449,
    0.9519727826118469,
    0.8520607948303223,
    -0.5089389681816101,
    0.07640697062015533,
    0.5249316692352295,
    0.10923433303833008,
    0.16546237468719482,
    0.9981858134269714,
    0.013625445775687695,
    0.022413985803723335,
    -0.015688739717006683,
    0.9957633018493652,
    0.03174395486712456
  ],
  "std": [
    0.05775871500372887,
    0.10773489624261856,
    0.09680772572755814,
    0.030791450291872025,
    0.09824254363775253,
    0.03138645738363266,
    0.09854459762573242,
    0.030710741877555847,
    0.036735713481903076,
    0.0293671116232872,
    0.0782080590724945,
    0.13560166954994202,
    0.11182023584842682,
    0.18936459720134735,
    0.13586311042308807,
    0.029331553727388382,
    0.04011993482708931,
    0.08164342492818832,
    0.026451746001839638,
    0.0831744447350502,
    0.07128319144248962,
    0.0028534831944853067,
    0.039896056056022644,
    0.0365678071975708,
    0.040429577231407166,
    0.005978099070489407,
    0.07437234371900558
  ]
}