{
  "mean": {
    "left_tcp_x": 0.5261803215760115,
    "left_tcp_y": 0.12318419126614744,
    "left_tcp_z": 0.46829299261200424,
    "right_tcp_x": 0.37962610538567537,
    "right_tcp_y": -0.2265700812138539,
    "right_tcp_z": 0.3275332794639584,
    "obj_x": 0.5219306198503266,
    "obj_y": 0.10944669030892129,
    "obj_z": 0.16301410280676326
  },
  "std": {
    "left_tcp_x": 0.025628575450646264,
    "left_tcp_y": 0.10977946726337931,
    "left_tcp_z": 0.10245871305279362,
    "right_tcp_x": 0.029348925046120387,
    "right_tcp_y": 0.07825243619016378,
    "right_tcp_z": 0.13525420361916038,
    "obj_x": 0.03011223035929948,
    "obj_y": 0.08513689428732256,
    "obj_z": 0.07431708461766093
  },
  "columns": [
    "left_tcp_x",
    "left_tcp_y",
    "left_tcp_z",
    "right_tcp_x",
    "right_tcp_y",
    "right_tcp_z",
    "obj_x",
    "obj_y",
    "obj_z"
  ]
}