phase,count,pos_total_mae_m,x_mae_m,y_mae_m,z_mae_m,rot_mean_deg,left_grip_acc
4,1982,0.005610533058643341,0.0013254652951969028,0.0036380409547827697,0.0032576872740696467,0.0025225819554179907,0.9909182786941528
5,3374,0.0033141267485916615,0.0006972990960995686,0.0019966454908172267,0.002042812706099935,0.0014487765729427338,0.9893301725387573
6,3827,0.002700735814869404,0.00036861015294406194,0.0017067571030698497,0.0017444036079817466,0.003719606203958392,0.9887640476226807
7,3560,0.0024230109993368387,0.00031825277242767677,0.0012970677733923613,0.001791461141591666,0.0028350744396448135,0.9887640476226807
8,3560,0.0038395195733755827,0.000964858274111587,0.002739244814585434,0.0018983415793836814,0.004668618552386761,0.9912921190261841
