phase,count,pos_total_mae_m,x_mae_m,y_mae_m,z_mae_m,rot_mean_deg,left_grip_acc
9,450,0.006838786881417036,0.001009008487065633,0.004729041350591524,0.003582464853922526,0.004184500314295292,1.0
10,2189,0.009735231287777424,0.005616722612306918,0.006626598969231251,0.0014344118892901452,0.003410136792808771,1.0
11,5880,0.006036062259227037,0.001522034771588384,0.005081491544842717,0.0014722572094729158,0.0029688894283026457,1.0
