phase,count,pos_total_mae_m,x_mae_m,y_mae_m,z_mae_m,rot_mean_deg,left_grip_acc
4,1982,0.003475648583844304,0.0010708709718240377,0.002131054217351076,0.0019111151230924667,0.0018272740999236703,0.9909182786941528
5,3374,0.002655400661751628,0.0004220270128312306,0.0014974888442851554,0.0018272788615077051,0.0009943809127435088,0.9893301725387573
6,4257,0.002059631049633026,0.00029973051120676513,0.0008486882849761178,0.001639940951221683,0.0056179240345954895,0.9898989796638489
7,3960,0.0022077816538512707,0.00024992270451603516,0.001052059791982174,0.0017163981900672814,0.006117429584264755,0.9898989796638489
8,3960,0.003215552307665348,0.000831471218003167,0.0020691373451340077,0.0017586312354213106,0.004282273352146149,0.9921717047691345
