phase,count,pos_total_mae_m,x_mae_m,y_mae_m,z_mae_m,rot_mean_deg,left_grip_acc
4,1982,0.00304473121650517,0.0010991850125440796,0.0020769460410571265,0.001233531024934786,0.0023663805332034826,0.9909182786941528
5,3374,0.003394588129594922,0.0003090542081410035,0.002620187659251598,0.0017165249752164546,0.0008373208111152053,0.9893301725387573
6,3827,0.0030013432260602713,0.00031218278461004755,0.002126749726618305,0.0018192218921189033,0.0018033647211268544,0.9887640476226807
7,3560,0.002817516215145588,0.0003804931396178985,0.001737648474701335,0.0019440724347414738,0.001743905944749713,0.9887640476226807
8,3560,0.003626092104241252,0.0005024735093786476,0.0025675936193948383,0.001951988305938387,0.002674506977200508,0.9912921190261841
