phase,count,pos_total_mae_m,x_mae_m,y_mae_m,z_mae_m,rot_mean_deg,left_grip_acc
9,450,0.006600500084459782,0.0008858263492584229,0.004963643363573487,0.003004955185784234,0.0006882871384732425,1.0
10,2189,0.01002140250056982,0.005468282227431219,0.006945713966499459,0.0014785069916116533,0.0019906098023056984,1.0
11,5880,0.006376855541020632,0.0017202557907218024,0.005520512695823406,0.0011723564595592264,0.0023354089353233576,1.0
