{
  "cols": [
    "action_left_pos_x",
    "action_left_pos_y",
    "action_left_pos_z",
    "action_left_rot6d_0",
    "action_left_rot6d_1",
    "action_left_rot6d_2",
    "action_left_rot6d_3",
    "action_left_rot6d_4",
    "action_left_rot6d_5",
    "action_right_pos_x",
    "action_right_pos_y",
    "action_right_pos_z",
    "action_right_rot6d_0",
    "action_right_rot6d_1",
    "action_right_rot6d_2",
    "action_right_rot6d_3",
    "action_right_rot6d_4",
    "action_right_rot6d_5"
  ],
  "mean": [
    0.5258316397666931,
    0.12331383675336838,
    0.46113601326942444,
    -1.3435885648505064e-07,
    0.0,
    -1.0000001192092896,
    0.0,
    1.0,
    0.0,
    0.3803994059562683,
    -0.2297634333372116,
    0.33296623826026917,
    -0.016686096787452698,
    0.13108401000499725,
    0.9809734225273132,
    0.8418573141098022,
    -0.5254516005516052,
    0.0874532088637352
  ],
  "std": [
    0.028046082705259323,
    0.09925682097673416,
    0.10460632294416428,
    1.0,
    1.0,
    1.0,
    1.0,
    1.0,
    1.0,
    0.03193597495555878,
    0.07717195898294449,
    0.1320774406194687,
    0.008033285848796368,
    0.1408148556947708,
    0.018337847664952278,
    0.014874273911118507,
    0.010131290182471275,
    0.08488189429044724
  ]
}