{
  "cols": [
    "left_pos_x",
    "left_pos_y",
    "left_pos_z",
    "left_rot6d_0",
    "left_rot6d_1",
    "left_rot6d_2",
    "left_rot6d_3",
    "left_rot6d_4",
    "left_rot6d_5",
    "right_pos_x",
    "right_pos_y",
    "right_pos_z",
    "right_rot6d_0",
    "right_rot6d_1",
    "right_rot6d_2",
    "right_rot6d_3",
    "right_rot6d_4",
    "right_rot6d_5",
    "obj_pos_x",
    "obj_pos_y",
    "obj_pos_z",
    "obj_rot6d_0",
    "obj_rot6d_1",
    "obj_rot6d_2",
    "obj_rot6d_3",
    "obj_rot6d_4",
    "obj_rot6d_5"
  ],
  "mean": [
    0.5303531885147095,
    0.14746296405792236,
    0.4947907626628876,
    0.993227481842041,
    -0.027457263320684433,
    0.0149506451562047,
    -0.02616996131837368,
    -0.9928064346313477,
    -0.02874012663960457,
    0.3776743710041046,
    -0.23593944311141968,
    0.3447936475276947,
    0.02238907292485237,
    0.17716003954410553,
    0.9474244117736816,
    0.8492124676704407,
    -0.5129057168960571,
    0.08291548490524292,
    0.5267442464828491,
    0.11537565290927887,
    0.15874524414539337,
    0.9982759952545166,
    0.012849352322518826,
    0.021554341539740562,
    -0.014860001392662525,
    0.9959161877632141,
    0.026736153289675713
  ],
  "std": [
    0.02941231243312359,
    0.10952247679233551,
    0.09888944774866104,
    0.0322238951921463,
    0.10205882787704468,
    0.03267033025622368,
    0.10236287862062454,
    0.03215278312563896,
    0.036232102662324905,
    0.029577912762761116,
    0.07806877046823502,
    0.1355251967906952,
    0.11698029935359955,
    0.19175060093402863,
    0.14158865809440613,
    0.02807820960879326,
    0.03720838204026222,
    0.08196414262056351,
    0.02614157274365425,
    0.08439081907272339,
    0.07099908590316772,
    0.002822869922965765,
    0.03768566995859146,
    0.03724537417292595,
    0.038276392966508865,
    0.0061506107449531555,
    0.07558034360408783
  ]
}