phase,count,pos_total_mae_m,z_mae_m,rot_mean_deg,left_grip_acc
1,4508,0.00109672371763736,0.0009795897760112508,0.3296132981777191,1.0
4,1964,0.001994221704080701,0.0009008625070820515,0.4130423069000244,1.0
5,3338,0.0020540121477097273,0.0018076918720127807,0.32853466272354126,1.0
